1001,video6.mp4_1001_60.png
1002,video6.mp4_1002_60.png
1003,video6.mp4_1003_59.png
1004,video6.mp4_1004_60.png
1005,video6.mp4_1005_60.png
1006,video6.mp4_1006_61.png
1007,video6.mp4_1007_62.png
1008,video6.mp4_1008_61.png
1009,video6.mp4_1009_60.png
1010,video6.mp4_1010_59.png
1011,video6.mp4_1011_59.png
1012,video6.mp4_1012_59.png
1013,video6.mp4_1013_60.png
1014,video6.mp4_1014_60.png
1015,video6.mp4_1015_59.png
1016,video6.mp4_1016_60.png
1017,video6.mp4_1017_59.png
1018,video6.mp4_1018_60.png
1019,video6.mp4_1019_61.png
1020,video6.mp4_1020_61.png
1021,video6.mp4_1021_61.png
1022,video6.mp4_1022_60.png
1023,video6.mp4_1023_59.png
1024,video6.mp4_1024_60.png
1025,video6.mp4_1025_61.png
1026,video6.mp4_1026_62.png
1027,video6.mp4_1027_61.png
1028,video6.mp4_1028_61.png
1029,video6.mp4_1029_62.png
1030,video6.mp4_1030_61.png
1031,video6.mp4_1031_61.png
1032,video6.mp4_1032_62.png
1033,video6.mp4_1033_62.png
1034,video6.mp4_1034_63.png
1035,video6.mp4_1035_62.png
1036,video6.mp4_1036_62.png
1037,video6.mp4_1037_62.png
1038,video6.mp4_1038_57.png
1039,video6.mp4_1039_52.png
1040,video6.mp4_1040_49.png
1041,video6.mp4_1041_49.png
1042,video6.mp4_1042_54.png
1043,video6.mp4_1043_59.png
1044,video6.mp4_1044_64.png
1045,video6.mp4_1045_69.png
1046,video6.mp4_1046_74.png
1047,video6.mp4_1047_79.png
1048,video6.mp4_1048_81.png
1049,video6.mp4_1049_81.png
1050,video6.mp4_1050_81.png
1051,video6.mp4_1051_81.png
1052,video6.mp4_1052_79.png
1053,video6.mp4_1053_82.png
1054,video6.mp4_1054_80.png
1055,video6.mp4_1055_80.png
1056,video6.mp4_1056_81.png
1057,video6.mp4_1057_80.png
1058,video6.mp4_1058_81.png
1059,video6.mp4_1059_80.png
1060,video6.mp4_1060_78.png
1061,video6.mp4_1061_79.png
1062,video6.mp4_1062_79.png
1063,video6.mp4_1063_79.png
1064,video6.mp4_1064_77.png
1065,video6.mp4_1065_77.png
1066,video6.mp4_1066_77.png
1067,video6.mp4_1067_79.png
1068,video6.mp4_1068_78.png
1069,video6.mp4_1069_78.png
1070,video6.mp4_1070_79.png
1071,video6.mp4_1071_79.png
1072,video6.mp4_1072_78.png
1073,video6.mp4_1073_78.png
1074,video6.mp4_1074_80.png
1075,video6.mp4_1075_79.png
1076,video6.mp4_1076_79.png
1077,video6.mp4_1077_79.png
1078,video6.mp4_1078_79.png
1079,video6.mp4_1079_79.png
1080,video6.mp4_1080_78.png
1081,video6.mp4_1081_76.png
1082,video6.mp4_1082_79.png
1083,video6.mp4_1083_78.png
1084,video6.mp4_1084_79.png
1085,video6.mp4_1085_83.png
1086,video6.mp4_1086_83.png
1087,video6.mp4_1087_82.png
1088,video6.mp4_1088_82.png
1089,video6.mp4_1089_82.png
1090,video6.mp4_1090_81.png
1091,video6.mp4_1091_82.png
1092,video6.mp4_1092_83.png
1093,video6.mp4_1093_84.png
1094,video6.mp4_1094_85.png
1095,video6.mp4_1095_86.png
1096,video6.mp4_1096_87.png
1097,video6.mp4_1097_88.png
1098,video6.mp4_1098_89.png
1099,video6.mp4_1099_90.png
1100,video6.mp4_1100_91.png
1101,video6.mp4_1101_92.png
1102,video6.mp4_1102_93.png
1103,video6.mp4_1103_94.png
1104,video6.mp4_1104_95.png
1105,video6.mp4_1105_96.png
1106,video6.mp4_1106_97.png
1107,video6.mp4_1107_98.png
1108,video6.mp4_1108_99.png
1109,video6.mp4_1109_100.png
1110,video6.mp4_1110_101.png
1111,video6.mp4_1111_102.png
1112,video6.mp4_1112_103.png
1113,video6.mp4_1113_104.png
1114,video6.mp4_1114_105.png
1115,video6.mp4_1115_106.png
1116,video6.mp4_1116_107.png
1117,video6.mp4_1117_108.png
1118,video6.mp4_1118_109.png
1119,video6.mp4_1119_110.png
1120,video6.mp4_1120_111.png
1121,video6.mp4_1121_106.png
1122,video6.mp4_1122_101.png
1123,video6.mp4_1123_102.png
1124,video6.mp4_1124_97.png
1125,video6.mp4_1125_94.png
1126,video6.mp4_1126_95.png
1127,video6.mp4_1127_91.png
1128,video6.mp4_1128_92.png
1129,video6.mp4_1129_96.png
1130,video6.mp4_1130_94.png
1131,video6.mp4_1131_94.png
1132,video6.mp4_1132_98.png
1133,video6.mp4_1133_97.png
1134,video6.mp4_1134_99.png
1135,video6.mp4_1135_100.png
1136,video6.mp4_1136_101.png
1137,video6.mp4_1137_102.png
1138,video6.mp4_1138_98.png
1139,video6.mp4_1139_97.png
1140,video6.mp4_1140_98.png
1141,video6.mp4_1141_93.png
1142,video6.mp4_1142_92.png
1143,video6.mp4_1143_90.png
1144,video6.mp4_1144_90.png
1145,video6.mp4_1145_90.png
1146,video6.mp4_1146_88.png
1147,video6.mp4_1147_88.png
1148,video6.mp4_1148_88.png
1149,video6.mp4_1149_88.png
1150,video6.mp4_1150_89.png
1151,video6.mp4_1151_90.png
1152,video6.mp4_1152_91.png
1153,video6.mp4_1153_92.png
1154,video6.mp4_1154_93.png
1155,video6.mp4_1155_94.png
1156,video6.mp4_1156_95.png
1157,video6.mp4_1157_96.png
1158,video6.mp4_1158_97.png
1159,video6.mp4_1159_98.png
1160,video6.mp4_1160_99.png
1161,video6.mp4_1161_100.png
1162,video6.mp4_1162_101.png
1163,video6.mp4_1163_102.png
1164,video6.mp4_1164_103.png
1165,video6.mp4_1165_104.png
1166,video6.mp4_1166_105.png
1167,video6.mp4_1167_106.png
1168,video6.mp4_1168_107.png
1169,video6.mp4_1169_108.png
1170,video6.mp4_1170_109.png
1171,video6.mp4_1171_110.png
1172,video6.mp4_1172_111.png
1173,video6.mp4_1173_112.png
1174,video6.mp4_1174_113.png
1175,video6.mp4_1175_114.png
1176,video6.mp4_1176_114.png
1177,video6.mp4_1177_114.png
1178,video6.mp4_1178_114.png
1179,video6.mp4_1179_114.png
1180,video6.mp4_1180_114.png
1181,video6.mp4_1181_114.png
1182,video6.mp4_1182_113.png
1183,video6.mp4_1183_114.png
1184,video6.mp4_1184_110.png
1185,video6.mp4_1185_110.png
1186,video6.mp4_1186_111.png
1187,video6.mp4_1187_108.png
1188,video6.mp4_1188_109.png
1189,video6.mp4_1189_107.png
1190,video6.mp4_1190_104.png
1191,video6.mp4_1191_104.png
1192,video6.mp4_1192_104.png
1193,video6.mp4_1193_104.png
1194,video6.mp4_1194_105.png
1195,video6.mp4_1195_106.png
1196,video6.mp4_1196_105.png
1197,video6.mp4_1197_105.png
1198,video6.mp4_1198_104.png
1199,video6.mp4_1199_103.png
1200,video6.mp4_1200_103.png
1201,video6.mp4_1201_103.png
1202,video6.mp4_1202_101.png
1203,video6.mp4_1203_101.png
1204,video6.mp4_1204_101.png
1205,video6.mp4_1205_101.png
1206,video6.mp4_1206_102.png
1207,video6.mp4_1207_100.png
1208,video6.mp4_1208_97.png
1209,video6.mp4_1209_97.png
1210,video6.mp4_1210_98.png
1211,video6.mp4_1211_96.png
1212,video6.mp4_1212_97.png
1213,video6.mp4_1213_97.png
1214,video6.mp4_1214_98.png
1215,video6.mp4_1215_98.png
1216,video6.mp4_1216_97.png
1217,video6.mp4_1217_99.png
1218,video6.mp4_1218_98.png
1219,video6.mp4_1219_97.png
1220,video6.mp4_1220_96.png
1221,video6.mp4_1221_95.png
1222,video6.mp4_1222_94.png
1223,video6.mp4_1223_92.png
1224,video6.mp4_1224_91.png
1225,video6.mp4_1225_90.png
1226,video6.mp4_1226_89.png
1227,video6.mp4_1227_88.png
1228,video6.mp4_1228_87.png
1229,video6.mp4_1229_90.png
1230,video6.mp4_1230_90.png
1231,video6.mp4_1231_90.png
1232,video6.mp4_1232_89.png
1233,video6.mp4_1233_88.png
1234,video6.mp4_1234_88.png
1235,video6.mp4_1235_87.png
1236,video6.mp4_1236_86.png
1237,video6.mp4_1237_85.png
1238,video6.mp4_1238_84.png
1239,video6.mp4_1239_83.png
1240,video6.mp4_1240_82.png
1241,video6.mp4_1241_81.png
1242,video6.mp4_1242_80.png
1243,video6.mp4_1243_79.png
1244,video6.mp4_1244_78.png
1245,video6.mp4_1245_77.png
1246,video6.mp4_1246_76.png
1247,video6.mp4_1247_75.png
1248,video6.mp4_1248_74.png
1249,video6.mp4_1249_73.png
1250,video6.mp4_1250_72.png
1251,video6.mp4_1251_71.png
1252,video6.mp4_1252_70.png
1253,video6.mp4_1253_69.png
1254,video6.mp4_1254_68.png
1255,video6.mp4_1255_67.png
1256,video6.mp4_1256_66.png
1257,video6.mp4_1257_65.png
1258,video6.mp4_1258_64.png
1259,video6.mp4_1259_63.png
1260,video6.mp4_1260_62.png
1261,video6.mp4_1261_61.png
1262,video6.mp4_1262_60.png
1263,video6.mp4_1263_59.png
1264,video6.mp4_1264_58.png
1265,video6.mp4_1265_59.png
1266,video6.mp4_1266_60.png
1267,video6.mp4_1267_60.png
1268,video6.mp4_1268_61.png
1269,video6.mp4_1269_62.png
1270,video6.mp4_1270_63.png
1271,video6.mp4_1271_68.png
1272,video6.mp4_1272_73.png
1273,video6.mp4_1273_74.png
1274,video6.mp4_1274_77.png
1275,video6.mp4_1275_76.png
1276,video6.mp4_1276_77.png
1277,video6.mp4_1277_78.png
1278,video6.mp4_1278_77.png
1279,video6.mp4_1279_77.png
1280,video6.mp4_1280_77.png
1281,video6.mp4_1281_77.png
1282,video6.mp4_1282_76.png
1283,video6.mp4_1283_77.png
1284,video6.mp4_1284_79.png
1285,video6.mp4_1285_81.png
1286,video6.mp4_1286_81.png
1287,video6.mp4_1287_82.png
1288,video6.mp4_1288_83.png
1289,video6.mp4_1289_83.png
1290,video6.mp4_1290_84.png
1291,video6.mp4_1291_82.png
1292,video6.mp4_1292_83.png
1293,video6.mp4_1293_83.png
1294,video6.mp4_1294_82.png
1295,video6.mp4_1295_83.png
1296,video6.mp4_1296_83.png
1297,video6.mp4_1297_82.png
1298,video6.mp4_1298_83.png
1299,video6.mp4_1299_82.png
1300,video6.mp4_1300_81.png
1301,video6.mp4_1301_81.png
1302,video6.mp4_1302_82.png
1303,video6.mp4_1303_83.png
1304,video6.mp4_1304_83.png
1305,video6.mp4_1305_83.png
1306,video6.mp4_1306_84.png
1307,video6.mp4_1307_84.png
1308,video6.mp4_1308_85.png
1309,video6.mp4_1309_84.png
1310,video6.mp4_1310_84.png
1311,video6.mp4_1311_84.png
1312,video6.mp4_1312_83.png
1313,video6.mp4_1313_83.png
1314,video6.mp4_1314_82.png
1315,video6.mp4_1315_83.png
1316,video6.mp4_1316_83.png
1317,video6.mp4_1317_83.png
1318,video6.mp4_1318_84.png
1319,video6.mp4_1319_83.png
1320,video6.mp4_1320_84.png
1321,video6.mp4_1321_85.png
1322,video6.mp4_1322_85.png
1323,video6.mp4_1323_85.png
1324,video6.mp4_1324_85.png
1325,video6.mp4_1325_83.png
1326,video6.mp4_1326_84.png
1327,video6.mp4_1327_84.png
1328,video6.mp4_1328_83.png
1329,video6.mp4_1329_83.png
1330,video6.mp4_1330_83.png
1331,video6.mp4_1331_84.png
1332,video6.mp4_1332_84.png
1333,video6.mp4_1333_84.png
1334,video6.mp4_1334_86.png
1335,video6.mp4_1335_86.png
1336,video6.mp4_1336_86.png
1337,video6.mp4_1337_86.png
1338,video6.mp4_1338_88.png
1339,video6.mp4_1339_89.png
1340,video6.mp4_1340_90.png
1341,video6.mp4_1341_90.png
1342,video6.mp4_1342_89.png
1343,video6.mp4_1343_90.png
1344,video6.mp4_1344_91.png
1345,video6.mp4_1345_93.png
1346,video6.mp4_1346_95.png
1347,video6.mp4_1347_95.png
1348,video6.mp4_1348_94.png
1349,video6.mp4_1349_93.png
1350,video6.mp4_1350_92.png
1351,video6.mp4_1351_91.png
1352,video6.mp4_1352_90.png
1353,video6.mp4_1353_89.png
1354,video6.mp4_1354_88.png
1355,video6.mp4_1355_87.png
1356,video6.mp4_1356_86.png
1357,video6.mp4_1357_85.png
1358,video6.mp4_1358_84.png
1359,video6.mp4_1359_83.png
1360,video6.mp4_1360_88.png
1361,video6.mp4_1361_86.png
1362,video6.mp4_1362_89.png
1363,video6.mp4_1363_88.png
1364,video6.mp4_1364_86.png
1365,video6.mp4_1365_86.png
1366,video6.mp4_1366_87.png
1367,video6.mp4_1367_83.png
1368,video6.mp4_1368_82.png
1369,video6.mp4_1369_83.png
1370,video6.mp4_1370_85.png
1371,video6.mp4_1371_81.png
1372,video6.mp4_1372_82.png
1373,video6.mp4_1373_82.png
1374,video6.mp4_1374_84.png
1375,video6.mp4_1375_84.png
1376,video6.mp4_1376_81.png
1377,video6.mp4_1377_81.png
1378,video6.mp4_1378_82.png
1379,video6.mp4_1379_84.png
1380,video6.mp4_1380_83.png
1381,video6.mp4_1381_83.png
1382,video6.mp4_1382_85.png
1383,video6.mp4_1383_85.png
1384,video6.mp4_1384_84.png
1385,video6.mp4_1385_83.png
1386,video6.mp4_1386_85.png
1387,video6.mp4_1387_84.png
1388,video6.mp4_1388_82.png
1389,video6.mp4_1389_82.png
1390,video6.mp4_1390_81.png
1391,video6.mp4_1391_80.png
1392,video6.mp4_1392_79.png
1393,video6.mp4_1393_78.png
1394,video6.mp4_1394_77.png
1395,video6.mp4_1395_76.png
1396,video6.mp4_1396_75.png
1397,video6.mp4_1397_74.png
1398,video6.mp4_1398_73.png
1399,video6.mp4_1399_73.png
1400,video6.mp4_1400_73.png
1401,video6.mp4_1401_73.png
1402,video6.mp4_1402_73.png
1403,video6.mp4_1403_73.png
1404,video6.mp4_1404_73.png
1405,video6.mp4_1405_78.png
1406,video6.mp4_1406_83.png
1407,video6.mp4_1407_84.png
1408,video6.mp4_1408_87.png
1409,video6.mp4_1409_86.png
1410,video6.mp4_1410_86.png
1411,video6.mp4_1411_85.png
1412,video6.mp4_1412_87.png
1413,video6.mp4_1413_87.png
1414,video6.mp4_1414_87.png
1415,video6.mp4_1415_88.png
1416,video6.mp4_1416_88.png
1417,video6.mp4_1417_87.png
1418,video6.mp4_1418_88.png
1419,video6.mp4_1419_88.png
1420,video6.mp4_1420_88.png
1421,video6.mp4_1421_88.png
1422,video6.mp4_1422_88.png
1423,video6.mp4_1423_86.png
1424,video6.mp4_1424_85.png
1425,video6.mp4_1425_85.png
1426,video6.mp4_1426_88.png
1427,video6.mp4_1427_89.png
1428,video6.mp4_1428_89.png
1429,video6.mp4_1429_84.png
1430,video6.mp4_1430_83.png
1431,video6.mp4_1431_82.png
1432,video6.mp4_1432_81.png
1433,video6.mp4_1433_80.png
1434,video6.mp4_1434_79.png
1435,video6.mp4_1435_78.png
1436,video6.mp4_1436_77.png
1437,video6.mp4_1437_76.png
1438,video6.mp4_1438_75.png
1439,video6.mp4_1439_74.png
1440,video6.mp4_1440_73.png
1441,video6.mp4_1441_72.png
1442,video6.mp4_1442_71.png
1443,video6.mp4_1443_70.png
1444,video6.mp4_1444_69.png
1445,video6.mp4_1445_68.png
1446,video6.mp4_1446_67.png
1447,video6.mp4_1447_66.png
1448,video6.mp4_1448_65.png
1449,video6.mp4_1449_64.png
1450,video6.mp4_1450_64.png
1451,video6.mp4_1451_65.png
1452,video6.mp4_1452_65.png
1453,video6.mp4_1453_66.png
1454,video6.mp4_1454_67.png
1455,video6.mp4_1455_72.png
1456,video6.mp4_1456_77.png
1457,video6.mp4_1457_76.png
1458,video6.mp4_1458_77.png
1459,video6.mp4_1459_81.png
1460,video6.mp4_1460_81.png
1461,video6.mp4_1461_80.png
1462,video6.mp4_1462_78.png
1463,video6.mp4_1463_82.png
1464,video6.mp4_1464_81.png
1465,video6.mp4_1465_81.png
1466,video6.mp4_1466_80.png
1467,video6.mp4_1467_83.png
1468,video6.mp4_1468_83.png
1469,video6.mp4_1469_83.png
1470,video6.mp4_1470_85.png
1471,video6.mp4_1471_83.png
1472,video6.mp4_1472_83.png
1473,video6.mp4_1473_82.png
1474,video6.mp4_1474_83.png
1475,video6.mp4_1475_85.png
1476,video6.mp4_1476_84.png
1477,video6.mp4_1477_82.png
1478,video6.mp4_1478_81.png
1479,video6.mp4_1479_81.png
1480,video6.mp4_1480_81.png
1481,video6.mp4_1481_79.png
1482,video6.mp4_1482_81.png
1483,video6.mp4_1483_80.png
1484,video6.mp4_1484_79.png
1485,video6.mp4_1485_78.png
1486,video6.mp4_1486_77.png
1487,video6.mp4_1487_76.png
1488,video6.mp4_1488_75.png
1489,video6.mp4_1489_74.png
1490,video6.mp4_1490_73.png
1491,video6.mp4_1491_72.png
1492,video6.mp4_1492_71.png
1493,video6.mp4_1493_70.png
1494,video6.mp4_1494_70.png
1495,video6.mp4_1495_69.png
1496,video6.mp4_1496_68.png
1497,video6.mp4_1497_68.png
1498,video6.mp4_1498_67.png
1499,video6.mp4_1499_66.png
1500,video6.mp4_1500_65.png
1501,video6.mp4_1501_64.png
1502,video6.mp4_1502_64.png
1503,video6.mp4_1503_64.png
1504,video6.mp4_1504_65.png
1505,video6.mp4_1505_65.png
1506,video6.mp4_1506_65.png
1507,video6.mp4_1507_66.png
1508,video6.mp4_1508_67.png
1509,video6.mp4_1509_67.png
1510,video6.mp4_1510_67.png
1511,video6.mp4_1511_67.png
1512,video6.mp4_1512_68.png
1513,video6.mp4_1513_68.png
1514,video6.mp4_1514_69.png
1515,video6.mp4_1515_69.png
1516,video6.mp4_1516_70.png
1517,video6.mp4_1517_70.png
1518,video6.mp4_1518_69.png
1519,video6.mp4_1519_74.png
1520,video6.mp4_1520_73.png
1521,video6.mp4_1521_72.png
1522,video6.mp4_1522_71.png
1523,video6.mp4_1523_70.png
1524,video6.mp4_1524_70.png
1525,video6.mp4_1525_69.png
1526,video6.mp4_1526_68.png
1527,video6.mp4_1527_67.png
1528,video6.mp4_1528_68.png
1529,video6.mp4_1529_67.png
1530,video6.mp4_1530_68.png
1531,video6.mp4_1531_68.png
1532,video6.mp4_1532_69.png
1533,video6.mp4_1533_69.png
1534,video6.mp4_1534_70.png
1535,video6.mp4_1535_69.png
1536,video6.mp4_1536_70.png
1537,video6.mp4_1537_70.png
1538,video6.mp4_1538_69.png
1539,video6.mp4_1539_69.png
1540,video6.mp4_1540_70.png
1541,video6.mp4_1541_71.png
1542,video6.mp4_1542_72.png
1543,video6.mp4_1543_71.png
1544,video6.mp4_1544_72.png
1545,video6.mp4_1545_72.png
1546,video6.mp4_1546_73.png
1547,video6.mp4_1547_74.png
1548,video6.mp4_1548_74.png
1549,video6.mp4_1549_71.png
1550,video6.mp4_1550_72.png
1551,video6.mp4_1551_71.png
1552,video6.mp4_1552_72.png
1553,video6.mp4_1553_71.png
1554,video6.mp4_1554_72.png
1555,video6.mp4_1555_72.png
1556,video6.mp4_1556_72.png
1557,video6.mp4_1557_72.png
1558,video6.mp4_1558_72.png
1559,video6.mp4_1559_72.png
1560,video6.mp4_1560_72.png
1561,video6.mp4_1561_72.png
1562,video6.mp4_1562_71.png
1563,video6.mp4_1563_71.png
1564,video6.mp4_1564_72.png
1565,video6.mp4_1565_71.png
1566,video6.mp4_1566_72.png
1567,video6.mp4_1567_73.png
1568,video6.mp4_1568_72.png
1569,video6.mp4_1569_73.png
1570,video6.mp4_1570_74.png
1571,video6.mp4_1571_73.png
1572,video6.mp4_1572_74.png
1573,video6.mp4_1573_73.png
1574,video6.mp4_1574_72.png
1575,video6.mp4_1575_71.png
1576,video6.mp4_1576_76.png
1577,video6.mp4_1577_75.png
1578,video6.mp4_1578_78.png
1579,video6.mp4_1579_79.png
1580,video6.mp4_1580_81.png
1581,video6.mp4_1581_79.png
1582,video6.mp4_1582_81.png
1583,video6.mp4_1583_80.png
1584,video6.mp4_1584_79.png
1585,video6.mp4_1585_78.png
1586,video6.mp4_1586_77.png
1587,video6.mp4_1587_76.png
1588,video6.mp4_1588_75.png
1589,video6.mp4_1589_74.png
1590,video6.mp4_1590_73.png
1591,video6.mp4_1591_72.png
1592,video6.mp4_1592_71.png
1593,video6.mp4_1593_70.png
1594,video6.mp4_1594_75.png
1595,video6.mp4_1595_74.png
1596,video6.mp4_1596_73.png
1597,video6.mp4_1597_72.png
1598,video6.mp4_1598_71.png
1599,video6.mp4_1599_70.png
1600,video6.mp4_1600_69.png
1601,video6.mp4_1601_68.png
1602,video6.mp4_1602_67.png
1603,video6.mp4_1603_66.png
1604,video6.mp4_1604_65.png
1605,video6.mp4_1605_64.png
1606,video6.mp4_1606_63.png
1607,video6.mp4_1607_62.png
1608,video6.mp4_1608_61.png
1609,video6.mp4_1609_60.png
1610,video6.mp4_1610_59.png
1611,video6.mp4_1611_58.png
1612,video6.mp4_1612_57.png
1613,video6.mp4_1613_58.png
1614,video6.mp4_1614_57.png
1615,video6.mp4_1615_56.png
1616,video6.mp4_1616_57.png
1617,video6.mp4_1617_56.png
1618,video6.mp4_1618_57.png
1619,video6.mp4_1619_56.png
1620,video6.mp4_1620_57.png
1621,video6.mp4_1621_56.png
1622,video6.mp4_1622_55.png
1623,video6.mp4_1623_56.png
1624,video6.mp4_1624_57.png
1625,video6.mp4_1625_57.png
1626,video6.mp4_1626_57.png
1627,video6.mp4_1627_57.png
1628,video6.mp4_1628_57.png
1629,video6.mp4_1629_57.png
1630,video6.mp4_1630_58.png
1631,video6.mp4_1631_58.png
1632,video6.mp4_1632_59.png
1633,video6.mp4_1633_60.png
1634,video6.mp4_1634_60.png
1635,video6.mp4_1635_61.png
1636,video6.mp4_1636_60.png
1637,video6.mp4_1637_61.png
1638,video6.mp4_1638_62.png
1639,video6.mp4_1639_63.png
1640,video6.mp4_1640_64.png
1641,video6.mp4_1641_64.png
1642,video6.mp4_1642_64.png
1643,video6.mp4_1643_65.png
1644,video6.mp4_1644_66.png
1645,video6.mp4_1645_66.png
1646,video6.mp4_1646_66.png
1647,video6.mp4_1647_67.png
1648,video6.mp4_1648_68.png
1649,video6.mp4_1649_68.png
1650,video6.mp4_1650_69.png
1651,video6.mp4_1651_69.png
1652,video6.mp4_1652_70.png
1653,video6.mp4_1653_71.png
1654,video6.mp4_1654_70.png
1655,video6.mp4_1655_71.png
1656,video6.mp4_1656_70.png
1657,video6.mp4_1657_70.png
1658,video6.mp4_1658_74.png
1659,video6.mp4_1659_74.png
1660,video6.mp4_1660_72.png
1661,video6.mp4_1661_73.png
1662,video6.mp4_1662_73.png
1663,video6.mp4_1663_75.png
1664,video6.mp4_1664_75.png
1665,video6.mp4_1665_75.png
1666,video6.mp4_1666_78.png
1667,video6.mp4_1667_77.png
1668,video6.mp4_1668_75.png
1669,video6.mp4_1669_80.png
1670,video6.mp4_1670_83.png
1671,video6.mp4_1671_82.png
1672,video6.mp4_1672_83.png
1673,video6.mp4_1673_83.png
1674,video6.mp4_1674_82.png
1675,video6.mp4_1675_84.png
1676,video6.mp4_1676_82.png
1677,video6.mp4_1677_82.png
1678,video6.mp4_1678_84.png
1679,video6.mp4_1679_88.png
1680,video6.mp4_1680_84.png
1681,video6.mp4_1681_83.png
1682,video6.mp4_1682_87.png
1683,video6.mp4_1683_87.png
1684,video6.mp4_1684_84.png
1685,video6.mp4_1685_85.png
1686,video6.mp4_1686_86.png
1687,video6.mp4_1687_87.png
1688,video6.mp4_1688_83.png
1689,video6.mp4_1689_83.png
1690,video6.mp4_1690_82.png
1691,video6.mp4_1691_82.png
1692,video6.mp4_1692_81.png
1693,video6.mp4_1693_81.png
1694,video6.mp4_1694_84.png
1695,video6.mp4_1695_84.png
1696,video6.mp4_1696_84.png
1697,video6.mp4_1697_83.png
1698,video6.mp4_1698_81.png
1699,video6.mp4_1699_82.png
1700,video6.mp4_1700_83.png
1701,video6.mp4_1701_83.png
1702,video6.mp4_1702_82.png
1703,video6.mp4_1703_82.png
1704,video6.mp4_1704_82.png
1705,video6.mp4_1705_83.png
1706,video6.mp4_1706_84.png
1707,video6.mp4_1707_84.png
1708,video6.mp4_1708_84.png
1709,video6.mp4_1709_82.png
1710,video6.mp4_1710_83.png
1711,video6.mp4_1711_86.png
1712,video6.mp4_1712_86.png
1713,video6.mp4_1713_86.png
1714,video6.mp4_1714_85.png
1715,video6.mp4_1715_86.png
1716,video6.mp4_1716_88.png
1717,video6.mp4_1717_88.png
1718,video6.mp4_1718_89.png
1719,video6.mp4_1719_89.png
1720,video6.mp4_1720_90.png
1721,video6.mp4_1721_90.png
1722,video6.mp4_1722_90.png
1723,video6.mp4_1723_90.png
1724,video6.mp4_1724_90.png
1725,video6.mp4_1725_90.png
1726,video6.mp4_1726_90.png
1727,video6.mp4_1727_90.png
1728,video6.mp4_1728_91.png
1729,video6.mp4_1729_92.png
1730,video6.mp4_1730_91.png
1731,video6.mp4_1731_91.png
1732,video6.mp4_1732_91.png
1733,video6.mp4_1733_90.png
1734,video6.mp4_1734_91.png
1735,video6.mp4_1735_90.png
1736,video6.mp4_1736_91.png
1737,video6.mp4_1737_91.png
1738,video6.mp4_1738_92.png
1739,video6.mp4_1739_91.png
1740,video6.mp4_1740_92.png
1741,video6.mp4_1741_92.png
1742,video6.mp4_1742_92.png
1743,video6.mp4_1743_92.png
1744,video6.mp4_1744_93.png
1745,video6.mp4_1745_92.png
1746,video6.mp4_1746_92.png
1747,video6.mp4_1747_92.png
1748,video6.mp4_1748_93.png
1749,video6.mp4_1749_93.png
1750,video6.mp4_1750_92.png
1751,video6.mp4_1751_93.png
1752,video6.mp4_1752_92.png
1753,video6.mp4_1753_92.png
1754,video6.mp4_1754_92.png
1755,video6.mp4_1755_92.png
1756,video6.mp4_1756_92.png
1757,video6.mp4_1757_92.png
1758,video6.mp4_1758_93.png
1759,video6.mp4_1759_94.png
1760,video6.mp4_1760_93.png
1761,video6.mp4_1761_93.png
1762,video6.mp4_1762_93.png
1763,video6.mp4_1763_94.png
1764,video6.mp4_1764_93.png
1765,video6.mp4_1765_93.png
1766,video6.mp4_1766_91.png
1767,video6.mp4_1767_91.png
1768,video6.mp4_1768_93.png
1769,video6.mp4_1769_94.png
1770,video6.mp4_1770_93.png
1771,video6.mp4_1771_93.png
1772,video6.mp4_1772_94.png
1773,video6.mp4_1773_94.png
1774,video6.mp4_1774_93.png
1775,video6.mp4_1775_93.png
1776,video6.mp4_1776_94.png
1777,video6.mp4_1777_93.png
1778,video6.mp4_1778_93.png
1779,video6.mp4_1779_93.png
1780,video6.mp4_1780_91.png
1781,video6.mp4_1781_93.png
1782,video6.mp4_1782_93.png
1783,video6.mp4_1783_93.png
1784,video6.mp4_1784_93.png
1785,video6.mp4_1785_93.png
1786,video6.mp4_1786_93.png
1787,video6.mp4_1787_93.png
1788,video6.mp4_1788_93.png
1789,video6.mp4_1789_94.png
1790,video6.mp4_1790_93.png
1791,video6.mp4_1791_93.png
1792,video6.mp4_1792_93.png
1793,video6.mp4_1793_93.png
1794,video6.mp4_1794_92.png
1795,video6.mp4_1795_91.png
1796,video6.mp4_1796_92.png
1797,video6.mp4_1797_92.png
1798,video6.mp4_1798_91.png
1799,video6.mp4_1799_91.png
1800,video6.mp4_1800_91.png
1801,video6.mp4_1801_92.png
1802,video6.mp4_1802_91.png
1803,video6.mp4_1803_91.png
1804,video6.mp4_1804_91.png
1805,video6.mp4_1805_91.png
1806,video6.mp4_1806_90.png
1807,video6.mp4_1807_90.png
1808,video6.mp4_1808_91.png
1809,video6.mp4_1809_91.png
1810,video6.mp4_1810_91.png
1811,video6.mp4_1811_91.png
1812,video6.mp4_1812_92.png
1813,video6.mp4_1813_92.png
1814,video6.mp4_1814_91.png
1815,video6.mp4_1815_91.png
1816,video6.mp4_1816_92.png
1817,video6.mp4_1817_92.png
1818,video6.mp4_1818_92.png
1819,video6.mp4_1819_93.png
1820,video6.mp4_1820_92.png
1821,video6.mp4_1821_92.png
1822,video6.mp4_1822_92.png
1823,video6.mp4_1823_93.png
1824,video6.mp4_1824_92.png
1825,video6.mp4_1825_94.png
1826,video6.mp4_1826_94.png
1827,video6.mp4_1827_94.png
1828,video6.mp4_1828_94.png
1829,video6.mp4_1829_94.png
1830,video6.mp4_1830_94.png
1831,video6.mp4_1831_94.png
1832,video6.mp4_1832_94.png
1833,video6.mp4_1833_94.png
1834,video6.mp4_1834_94.png
1835,video6.mp4_1835_93.png
1836,video6.mp4_1836_93.png
1837,video6.mp4_1837_92.png
1838,video6.mp4_1838_92.png
1839,video6.mp4_1839_92.png
1840,video6.mp4_1840_92.png
1841,video6.mp4_1841_92.png
1842,video6.mp4_1842_91.png
1843,video6.mp4_1843_91.png
1844,video6.mp4_1844_90.png
1845,video6.mp4_1845_90.png
1846,video6.mp4_1846_90.png
1847,video6.mp4_1847_91.png
1848,video6.mp4_1848_90.png
1849,video6.mp4_1849_90.png
1850,video6.mp4_1850_90.png
1851,video6.mp4_1851_90.png
1852,video6.mp4_1852_89.png
1853,video6.mp4_1853_90.png
1854,video6.mp4_1854_90.png
1855,video6.mp4_1855_88.png
1856,video6.mp4_1856_89.png
1857,video6.mp4_1857_89.png
1858,video6.mp4_1858_89.png
1859,video6.mp4_1859_88.png
1860,video6.mp4_1860_88.png
1861,video6.mp4_1861_88.png
1862,video6.mp4_1862_88.png
1863,video6.mp4_1863_88.png
1864,video6.mp4_1864_87.png
1865,video6.mp4_1865_86.png
1866,video6.mp4_1866_86.png
1867,video6.mp4_1867_87.png
1868,video6.mp4_1868_87.png
1869,video6.mp4_1869_87.png
1870,video6.mp4_1870_86.png
1871,video6.mp4_1871_86.png
1872,video6.mp4_1872_87.png
1873,video6.mp4_1873_87.png
1874,video6.mp4_1874_87.png
1875,video6.mp4_1875_87.png
1876,video6.mp4_1876_87.png
1877,video6.mp4_1877_86.png
1878,video6.mp4_1878_85.png
1879,video6.mp4_1879_84.png
1880,video6.mp4_1880_84.png
1881,video6.mp4_1881_85.png
1882,video6.mp4_1882_85.png
1883,video6.mp4_1883_84.png
1884,video6.mp4_1884_85.png
1885,video6.mp4_1885_85.png
1886,video6.mp4_1886_84.png
1887,video6.mp4_1887_84.png
1888,video6.mp4_1888_84.png
1889,video6.mp4_1889_83.png
1890,video6.mp4_1890_84.png
1891,video6.mp4_1891_84.png
1892,video6.mp4_1892_83.png
1893,video6.mp4_1893_83.png
1894,video6.mp4_1894_82.png
1895,video6.mp4_1895_83.png
1896,video6.mp4_1896_83.png
1897,video6.mp4_1897_83.png
1898,video6.mp4_1898_82.png
1899,video6.mp4_1899_82.png
1900,video6.mp4_1900_83.png
1901,video6.mp4_1901_82.png
1902,video6.mp4_1902_83.png
1903,video6.mp4_1903_83.png
1904,video6.mp4_1904_84.png
1905,video6.mp4_1905_84.png
1906,video6.mp4_1906_82.png
1907,video6.mp4_1907_82.png
1908,video6.mp4_1908_83.png
1909,video6.mp4_1909_81.png
1910,video6.mp4_1910_82.png
1911,video6.mp4_1911_81.png
1912,video6.mp4_1912_82.png
1913,video6.mp4_1913_82.png
1914,video6.mp4_1914_82.png
1915,video6.mp4_1915_81.png
1916,video6.mp4_1916_81.png
1917,video6.mp4_1917_81.png
1918,video6.mp4_1918_81.png
1919,video6.mp4_1919_82.png
1920,video6.mp4_1920_81.png
1921,video6.mp4_1921_81.png
1922,video6.mp4_1922_81.png
1923,video6.mp4_1923_81.png
1924,video6.mp4_1924_81.png
1925,video6.mp4_1925_81.png
1926,video6.mp4_1926_81.png
1927,video6.mp4_1927_80.png
1928,video6.mp4_1928_82.png
1929,video6.mp4_1929_82.png
1930,video6.mp4_1930_81.png
1931,video6.mp4_1931_80.png
1932,video6.mp4_1932_80.png
1933,video6.mp4_1933_81.png
1934,video6.mp4_1934_80.png
1935,video6.mp4_1935_80.png
1936,video6.mp4_1936_79.png
1937,video6.mp4_1937_80.png
1938,video6.mp4_1938_79.png
1939,video6.mp4_1939_80.png
1940,video6.mp4_1940_79.png
1941,video6.mp4_1941_80.png
1942,video6.mp4_1942_80.png
1943,video6.mp4_1943_78.png
1944,video6.mp4_1944_78.png
1945,video6.mp4_1945_78.png
1946,video6.mp4_1946_78.png
1947,video6.mp4_1947_77.png
1948,video6.mp4_1948_77.png
1949,video6.mp4_1949_77.png
1950,video6.mp4_1950_77.png
1951,video6.mp4_1951_76.png
1952,video6.mp4_1952_77.png
1953,video6.mp4_1953_77.png
1954,video6.mp4_1954_76.png
1955,video6.mp4_1955_76.png
1956,video6.mp4_1956_76.png
1957,video6.mp4_1957_76.png
1958,video6.mp4_1958_76.png
1959,video6.mp4_1959_77.png
1960,video6.mp4_1960_76.png
1961,video6.mp4_1961_77.png
1962,video6.mp4_1962_76.png
1963,video6.mp4_1963_75.png
1964,video6.mp4_1964_75.png
1965,video6.mp4_1965_75.png
1966,video6.mp4_1966_75.png
1967,video6.mp4_1967_75.png
1968,video6.mp4_1968_75.png
1969,video6.mp4_1969_75.png
1970,video6.mp4_1970_75.png
1971,video6.mp4_1971_75.png
1972,video6.mp4_1972_75.png
1973,video6.mp4_1973_74.png
1974,video6.mp4_1974_75.png
1975,video6.mp4_1975_74.png
1976,video6.mp4_1976_74.png
1977,video6.mp4_1977_74.png
1978,video6.mp4_1978_74.png
1979,video6.mp4_1979_74.png
1980,video6.mp4_1980_74.png
1981,video6.mp4_1981_73.png
1982,video6.mp4_1982_74.png
1983,video6.mp4_1983_73.png
1984,video6.mp4_1984_72.png
1985,video6.mp4_1985_73.png
1986,video6.mp4_1986_72.png
1987,video6.mp4_1987_72.png
1988,video6.mp4_1988_72.png
1989,video6.mp4_1989_72.png
1990,video6.mp4_1990_72.png
1991,video6.mp4_1991_72.png
1992,video6.mp4_1992_72.png
1993,video6.mp4_1993_77.png
1994,video6.mp4_1994_72.png
1995,video6.mp4_1995_72.png
1996,video6.mp4_1996_73.png
1997,video6.mp4_1997_71.png
1998,video6.mp4_1998_76.png
1999,video6.mp4_1999_72.png
2000,video6.mp4_2000_72.png
